2016-04-01 23:26:44,b'@SkylandersGame how cruel...'
2016-04-01 22:10:11,b'RT @autismspeaks: .@Activision is giving away a @SkylandersGame Light It Up BLUE #LIUB set!\nFollow us &amp; retweet this to enter! https://t.co\xe2\x80\xa6'
2016-04-01 22:09:51,"b""RT @SkylandersGame: We're dropping something huge. \xf0\x9f\x99\x8c https://t.co/xc4Q3Eh4lb"""
2016-04-01 21:28:20,"b""RT @WWERomanReigns: Won't hear a peep from these two lil #Skylanders all day!!!! Thanks @SkylandersGame!!! #MerryChristmasEve https://t.co/\xe2\x80\xa6"""
2016-04-01 20:23:24,"b""RT @SkylandersGame: We're dropping something huge. \xf0\x9f\x99\x8c https://t.co/xc4Q3Eh4lb"""
2016-04-01 20:23:17,"b'@SkylandersGame Oooh, harsh!'"
2016-04-01 19:29:11,"b""Will not be buying anymore @Activision @CallofDuty @Treyarch @InfinityWard @SHGames @SkylandersGame products. You've burned the bridge."""
2016-04-01 19:25:46,b'@SkylandersGame That was great!...You guys totally got me!!'
2016-04-01 19:14:04,"b'@SkylandersGame I can say bad things, but I wont...though you deserve it'"
2016-04-01 18:55:49,"b""RT @SkylandersGame: We're dropping something huge. \xf0\x9f\x99\x8c https://t.co/xc4Q3Eh4lb"""
2016-04-01 18:31:13,"b""RT @SkylandersGame: We're dropping something huge. \xf0\x9f\x99\x8c https://t.co/xc4Q3Eh4lb"""
2016-04-01 18:27:53,"b""@SkylandersGame fell for it :'("""
2016-04-01 18:24:27,b'@skylandersgame NEW GAME?!'
2016-04-01 18:19:40,"b""RT @SkylandersGame: We're dropping something huge. \xf0\x9f\x99\x8c https://t.co/xc4Q3Eh4lb"""
2016-04-01 18:19:38,"b'@SkylandersGame Suggestion for next time: ""We\'re driving something EVIL into store shelves today!""'"
2016-04-01 13:54:23,b'Enter for a chance to win these super special @SkylandersGame and help raise awareness for #LIUB on April 2! https://t.co/wQCi1dZhpK'
2016-04-01 13:14:56,b'@Mega_mag_ @SkylandersGame Oooh hello! My kids get your mag! Enigma and Knight light are their favs..... https://t.co/gDfqJMCHu6'
2016-04-01 12:40:09,b'Enter for a chance to win these super special @SkylandersGame and help raise awareness for #LIUB on April 2! https://t.co/3al44DU7uG'
2016-04-01 12:29:48,"b""Now's the chance to grab @SkylandersGame Superchargers ONLY \xc2\xa319.99 for last gen and \xc2\xa322.99 for current gen consoles! https://t.co/TifTUHzcds"""
2016-04-01 12:21:34,b'Enter for a chance to win these super special @SkylandersGame and help raise awareness for #LIUB on April 2! https://t.co/FUaeFo5krU'
2016-04-01 12:18:19,b'RT @Activision: .@SkylandersGame is teaming up with @AutismSpeaks for \xe2\x80\x9cLight It Up Blue\xe2\x80\x9d https://t.co/3KHjGbCmkH https://t.co/fi1dHimOIX'
2016-04-01 12:09:07,b'Enter for a chance to win these super special @SkylandersGame and help raise awareness for #LIUB on April 2! https://t.co/yVFh4LXwBc'
2016-04-01 11:52:28,"b""RT @Mega_mag_: 1/3. If you'd like a chance to #win this SuperCharged, Easter-ific @SkylandersGame bundle, just RT this tweet! https://t.co/\xe2\x80\xa6"""
2016-04-01 11:38:13,b'.@dickndom Who is your favourite @SkylandersGame character?! #AskingTheBigQuestions'
2016-04-01 11:12:33,b'Enter for a chance to win these super special @SkylandersGame and help raise awareness for #LIUB on April 2! https://t.co/irEMzBm85J'
2016-04-01 10:54:58,"b""RT @Mega_mag_: 1/3. If you'd like a chance to #win this SuperCharged, Easter-ific @SkylandersGame bundle, just RT this tweet! https://t.co/\xe2\x80\xa6"""
2016-04-01 10:46:10,b'@MultiplayEvents @SkylandersGame Hmmmm Children https://t.co/ajzkHrRSKZ'
2016-04-01 10:34:49,"b""RT @MultiplayEvents: Did you play @SkylandersGame at #Insomnia57? Here's the pictures! https://t.co/Dd9U42rjGJ https://t.co/AuZdG9asvb"""
2016-04-01 10:34:49,"b""RT @MultiplayEvents: Did you play @SkylandersGame at #Insomnia57? Here's the pictures! https://t.co/Dd9U42rjGJ https://t.co/AuZdG9asvb"""
2016-04-01 10:34:40,"b""RT @MultiplayEvents: Did you play @SkylandersGame at #Insomnia57? Here's the pictures! https://t.co/Dd9U42rjGJ https://t.co/AuZdG9asvb"""
2016-04-01 10:30:54,"b""RT @MultiplayEvents: Did you play @SkylandersGame at #Insomnia57? Here's the pictures! https://t.co/Dd9U42rjGJ https://t.co/AuZdG9asvb"""
2016-04-01 10:30:54,b'@MultiplayEvents @SkylandersGame Nope!'
2016-04-01 10:30:23,"b""Did you play @SkylandersGame at #Insomnia57? Here's the pictures! https://t.co/3m7gbEZYiT https://t.co/A3cfeiePS8"""
2016-04-01 10:30:23,"b""Did you play @SkylandersGame at #Insomnia57? Here's the pictures! https://t.co/Dd9U42rjGJ https://t.co/AuZdG9asvb"""
2016-04-01 09:00:27,b'Easter fun with Skylanders Superchargers @SkylandersGame SkylandersEaster https://t.co/i9Bnj2ygzC https://t.co/5BVcNTg2Qn'
2016-04-01 07:25:17,b'@Mega_mag_  @SkylandersGame nephew will love this'
2016-04-01 07:24:54,"b""RT @Mega_mag_: 1/3. If you'd like a chance to #win this SuperCharged, Easter-ific @SkylandersGame bundle, just RT this tweet! https://t.co/\xe2\x80\xa6"""
2016-04-01 07:15:14,"b""RT @Mega_mag_: 1/3. If you'd like a chance to #win this SuperCharged, Easter-ific @SkylandersGame bundle, just RT this tweet! https://t.co/\xe2\x80\xa6"""
2016-04-01 06:45:44,"b""RT @Mega_mag_: 1/3. If you'd like a chance to #win this SuperCharged, Easter-ific @SkylandersGame bundle, just RT this tweet! https://t.co/\xe2\x80\xa6"""
2016-04-01 06:37:29,b'This would be awesome!! would love to #win! thanks for the chance! @Mega_mag_  @SkylandersGame  https://t.co/AEE8pp1FRa'
2016-04-01 06:35:23,"b""RT @Mega_mag_: 1/3. If you'd like a chance to #win this SuperCharged, Easter-ific @SkylandersGame bundle, just RT this tweet! https://t.co/\xe2\x80\xa6"""
2016-04-01 02:13:44,"b""RT @WWERomanReigns: Won't hear a peep from these two lil #Skylanders all day!!!! Thanks @SkylandersGame!!! #MerryChristmasEve https://t.co/\xe2\x80\xa6"""
2016-04-01 02:02:23,b'Starting a new costume build @SkylandersGame @Costuming_Track #DragonCon2016 #SWARM #BringinTheSting'
2016-04-01 00:59:12,b'RT @autismspeaks: .@Activision is giving away a @SkylandersGame Light It Up BLUE #LIUB set!\nFollow us &amp; retweet this to enter! https://t.co\xe2\x80\xa6'
2016-03-31 22:55:12,"b""RT @WWERomanReigns: Won't hear a peep from these two lil #Skylanders all day!!!! Thanks @SkylandersGame!!! #MerryChristmasEve https://t.co/\xe2\x80\xa6"""
2016-03-31 22:46:42,b'RT @autismspeaks: .@Activision is giving away a @SkylandersGame Light It Up BLUE #LIUB set!\nFollow us &amp; retweet this to enter! https://t.co\xe2\x80\xa6'
2016-03-31 20:22:50,b'RT @autismspeaks: .@Activision is giving away a @SkylandersGame Light It Up BLUE #LIUB set!\nFollow us &amp; retweet this to enter! https://t.co\xe2\x80\xa6'
2016-03-31 20:00:29,b'RT @autismspeaks: .@Activision is giving away a @SkylandersGame Light It Up BLUE #LIUB set!\nFollow us &amp; retweet this to enter! https://t.co\xe2\x80\xa6'
2016-03-31 19:40:37,"b'RT @SkylandersGame: One part soda, two parts fizz. https://t.co/6Xj9uMTYis'"
2016-03-31 18:47:24,"b""@SkylandersGame he said thanks for the birthday wishes. He's over the moon you wished a happy bday thnx"""
2016-03-31 18:35:21,b'Enter for a chance to win these super special @SkylandersGame and help raise awareness for #LIUB on April 2! \nhttps://t.co/7VzMbihSLZ'
2016-03-31 18:26:25,b'Enter for a chance to win these super special @SkylandersGame and help raise awareness for #LIUB on April 2! https://t.co/wVVgt2IxNF'
2016-03-31 18:24:24,"b'RT @SkylandersGame: One part soda, two parts fizz. https://t.co/6Xj9uMTYis'"
2016-03-31 18:20:25,"b'RT @SkylandersGame: One part soda, two parts fizz. https://t.co/6Xj9uMTYis'"
2016-03-31 18:07:48,"b""RT @WWERomanReigns: Won't hear a peep from these two lil #Skylanders all day!!!! Thanks @SkylandersGame!!! #MerryChristmasEve https://t.co/\xe2\x80\xa6"""
2016-03-31 17:19:39,b'I love @SkylandersGame  and @DisneyInfinity  games gota get more characters  for both games! Please never stop makeing games love the  games'
2016-03-31 17:07:34,b'RT @autismspeaks: .@Activision is giving away a @SkylandersGame Light It Up BLUE #LIUB set!\nFollow us &amp; retweet this to enter! https://t.co\xe2\x80\xa6'
2016-03-31 17:06:20,b'#Enter for a #chance to #win these #super #special @SkylandersGame and #help #raise #awareness for #LIUB on April 2! https://t.co/yjmiRslM3o'
2016-03-31 16:03:10,b'Get a SuperChargers Driver for \xc2\xa35 @GAMEdigital with @SkylandersGame #O2Priority https://t.co/rSRADWbvQX #TeamO2 https://t.co/VB0snaGadc'
2016-03-31 15:31:05,b'Enter for a chance to win these super special @SkylandersGame and help raise awareness for #LIUB on April 2! https://t.co/DmU0vvnzPJ'
2016-03-31 14:36:48,b'RT @autismspeaks: .@Activision is giving away a @SkylandersGame Light It Up BLUE #LIUB set!\nFollow us &amp; retweet this to enter! https://t.co\xe2\x80\xa6'
2016-03-31 12:58:57,b'Enter for a chance to win these super special @SkylandersGame and help raise awareness for #LIUB on April 2! https://t.co/wQCi1dZhpK'
2016-03-31 12:29:17,b'RT @autismspeaks: .@Activision is giving away a @SkylandersGame Light It Up BLUE #LIUB set!\nFollow us &amp; retweet this to enter! https://t.co\xe2\x80\xa6'
2016-03-31 12:26:44,b'RT @autismspeaks: .@Activision is giving away a @SkylandersGame Light It Up BLUE #LIUB set!\nFollow us &amp; retweet this to enter! https://t.co\xe2\x80\xa6'
2016-03-31 12:06:10,b'RT @autismspeaks: .@Activision is giving away a @SkylandersGame Light It Up BLUE #LIUB set!\nFollow us &amp; retweet this to enter! https://t.co\xe2\x80\xa6'
2016-03-31 11:56:16,b'Enter for a chance to win these super special @SkylandersGame and help raise awareness for #LIUB on April 2! https://t.co/urfzgjne6D'
2016-03-31 08:49:49,b'@SkylandersGame any chance of the land trophy being sold separately? I already have the #LIUB Trigger Happy and Gold Rusher.'
2016-03-31 06:56:25,b'Enter for a chance to win these super special @SkylandersGame and help raise awareness for #LIUB on April 2! https://t.co/mzVYyjs5tZ'
2016-03-31 06:53:41,b'RT @autismspeaks: .@Activision is giving away a @SkylandersGame Light It Up BLUE #LIUB set!\nFollow us &amp; retweet this to enter! https://t.co\xe2\x80\xa6'
2016-03-31 06:36:22,b'RT @autismspeaks: .@Activision is giving away a @SkylandersGame Light It Up BLUE #LIUB set!\nFollow us &amp; retweet this to enter! https://t.co\xe2\x80\xa6'
2016-03-31 05:57:51,b'RT @autismspeaks: .@Activision is giving away a @SkylandersGame Light It Up BLUE #LIUB set!\nFollow us &amp; retweet this to enter! https://t.co\xe2\x80\xa6'
2016-03-31 05:34:06,b'RT @autismspeaks: .@Activision is giving away a @SkylandersGame Light It Up BLUE #LIUB set!\nFollow us &amp; retweet this to enter! https://t.co\xe2\x80\xa6'
2016-03-31 05:14:29,b'RT @autismspeaks: .@Activision is giving away a @SkylandersGame Light It Up BLUE #LIUB set!\nFollow us &amp; retweet this to enter! https://t.co\xe2\x80\xa6'
2016-03-31 04:48:54,b'RT @autismspeaks: .@Activision is giving away a @SkylandersGame Light It Up BLUE #LIUB set!\nFollow us &amp; retweet this to enter! https://t.co\xe2\x80\xa6'
2016-03-31 04:29:51,b'RT @autismspeaks: .@Activision is giving away a @SkylandersGame Light It Up BLUE #LIUB set!\nFollow us &amp; retweet this to enter! https://t.co\xe2\x80\xa6'
2016-03-31 04:15:11,b'RT @autismspeaks: .@Activision is giving away a @SkylandersGame Light It Up BLUE #LIUB set!\nFollow us &amp; retweet this to enter! https://t.co\xe2\x80\xa6'
2016-03-31 04:13:31,b'RT @autismspeaks: .@Activision is giving away a @SkylandersGame Light It Up BLUE #LIUB set!\nFollow us &amp; retweet this to enter! https://t.co\xe2\x80\xa6'
2016-03-31 03:43:52,b'Enter for a chance to win these super special @SkylandersGame and help raise awareness for #LIUB on April 2! https://t.co/fyde6nKHRZ'
2016-03-31 03:28:19,b'Found a rare stone zook at Marshalls @SkylandersGame @Activision https://t.co/nWYXriBJQe'
2016-03-31 03:25:06,"b""Got my son's presents bought for his 6th birthday @SkylandersGame @Activision https://t.co/jkRquTBX7K"""
2016-03-31 02:33:32,b'Enter for a chance to win these super special @SkylandersGame and help raise awareness for #LIUB on April 2! https://t.co/FMYBg561f3'
2016-03-31 02:20:47,b'Enter for a chance to win these super special @SkylandersGame and help raise awareness for #LIUB on April 2! https://t.co/5cHWHanHR0'
2016-03-31 02:20:24,b'RT @autismspeaks: .@Activision is giving away a @SkylandersGame Light It Up BLUE #LIUB set!\nFollow us &amp; retweet this to enter! https://t.co\xe2\x80\xa6'
2016-03-31 02:07:56,b'Enter for a chance to win these super special @SkylandersGame and help raise awareness for #LIUB on April 2! https://t.co/rQFmiei42D'
2016-03-31 02:07:18,b'RT @autismspeaks: .@Activision is giving away a @SkylandersGame Light It Up BLUE #LIUB set!\nFollow us &amp; retweet this to enter! https://t.co\xe2\x80\xa6'
2016-03-31 02:03:02,b'RT @autismspeaks: .@Activision is giving away a @SkylandersGame Light It Up BLUE #LIUB set!\nFollow us &amp; retweet this to enter! https://t.co\xe2\x80\xa6'
2016-03-31 01:55:48,b'RT @autismspeaks: .@Activision is giving away a @SkylandersGame Light It Up BLUE #LIUB set!\nFollow us &amp; retweet this to enter! https://t.co\xe2\x80\xa6'
2016-03-31 01:50:28,b'Enter for a chance to win these super special @SkylandersGame and help raise awareness for #LIUB on April 2! https://t.co/zZjJeVQqgY'
2016-03-31 01:41:32,b'Enter for a chance to win these super special @SkylandersGame and help raise awareness for #LIUB on April 2! https://t.co/T7h5zbZTQw'
2016-03-31 01:40:43,b'Enter for a chance to win these super special @SkylandersGame and help raise awareness for #LIUB on April 2! https://t.co/jrgVlxOGPb ty'
2016-03-31 01:32:04,b'RT @autismspeaks: .@Activision is giving away a @SkylandersGame Light It Up BLUE #LIUB set!\nFollow us &amp; retweet this to enter! https://t.co\xe2\x80\xa6'
2016-03-31 01:30:53,b'RT @autismspeaks: .@Activision is giving away a @SkylandersGame Light It Up BLUE #LIUB set!\nFollow us &amp; retweet this to enter! https://t.co\xe2\x80\xa6'
2016-03-31 01:17:58,b'RT @autismspeaks: .@Activision is giving away a @SkylandersGame Light It Up BLUE #LIUB set!\nFollow us &amp; retweet this to enter! https://t.co\xe2\x80\xa6'
2016-03-31 01:01:28,b'@SkylandersGame I got her for Easter =)'
2016-03-31 01:00:17,b'@SkylandersGame YO I LOST ALL MY BOOSTS AND MY NEON AND DECALS????!!!! Y'
2016-03-31 00:14:46,b'Enter for a chance to win these super special @SkylandersGame and help raise awareness for #LIUB on April 2! https://t.co/btxl5wSCFD'
2016-03-31 00:05:40,b'RT @autismspeaks: .@Activision is giving away a @SkylandersGame Light It Up BLUE #LIUB set!\nFollow us &amp; retweet this to enter! https://t.co\xe2\x80\xa6'
2016-03-31 00:03:49,b'RT @autismspeaks: .@Activision is giving away a @SkylandersGame Light It Up BLUE #LIUB set!\nFollow us &amp; retweet this to enter! https://t.co\xe2\x80\xa6'
2016-03-30 23:40:45,b'Enter for a chance to win these super special @SkylandersGame and help raise awareness for #LIUB on April 2! https://t.co/Fd9xJIHYfd'
2016-03-30 23:28:02,b'RT @autismspeaks: .@Activision is giving away a @SkylandersGame Light It Up BLUE #LIUB set!\nFollow us &amp; retweet this to enter! https://t.co\xe2\x80\xa6'
2016-03-30 23:05:32,b'RT @autismspeaks: .@Activision is giving away a @SkylandersGame Light It Up BLUE #LIUB set!\nFollow us &amp; retweet this to enter! https://t.co\xe2\x80\xa6'
2016-03-30 23:03:54,b'RT @autismspeaks: .@Activision is giving away a @SkylandersGame Light It Up BLUE #LIUB set!\nFollow us &amp; retweet this to enter! https://t.co\xe2\x80\xa6'
2016-03-30 22:59:22,b'RT @autismspeaks: .@Activision is giving away a @SkylandersGame Light It Up BLUE #LIUB set!\nFollow us &amp; retweet this to enter! https://t.co\xe2\x80\xa6'
2016-03-30 22:26:03,b'RT @autismspeaks: .@Activision is giving away a @SkylandersGame Light It Up BLUE #LIUB set!\nFollow us &amp; retweet this to enter! https://t.co\xe2\x80\xa6'
2016-03-30 22:19:46,b'RT @autismspeaks: .@Activision is giving away a @SkylandersGame Light It Up BLUE #LIUB set!\nFollow us &amp; retweet this to enter! https://t.co\xe2\x80\xa6'
2016-03-30 22:18:05,b'Enter for a chance to win these super special @SkylandersGame and help raise awareness for #LIUB on April 2! https://t.co/lGALAZB72t'
2016-03-30 22:13:04,b'Enter for a chance to win these super special @SkylandersGame and help raise awareness for #LIUB on April 2! https://t.co/g6EAr0w5uV'
2016-03-30 22:11:48,b'Enter for a chance to win these super special @SkylandersGame and help raise awareness for #LIUB on April 2! https://t.co/PdvjSx6z3Y'
2016-03-30 22:11:05,b'Enter for a chance to win these super special @SkylandersGame and help raise awareness for #LIUB on April 2! https://t.co/SCKsmkG2Ak'
2016-03-30 22:05:09,b'Enter for a chance to win these super special @SkylandersGame and help raise awareness for #LIUB on April 2! https://t.co/wdtK1UENss'
2016-03-30 22:01:35,b'RT @autismspeaks: .@Activision is giving away a @SkylandersGame Light It Up BLUE #LIUB set!\nFollow us &amp; retweet this to enter! https://t.co\xe2\x80\xa6'
2016-03-30 21:56:42,b'RT @autismspeaks: .@Activision is giving away a @SkylandersGame Light It Up BLUE #LIUB set!\nFollow us &amp; retweet this to enter! https://t.co\xe2\x80\xa6'
2016-03-30 21:56:04,b'Enter for a chance to win these super special @SkylandersGame and help raise awareness for #LIUB on April 2! https://t.co/IVBvW2KgCE'
2016-03-30 21:55:59,b'Enter for a chance to win these super special @SkylandersGame and help raise awareness for #LIUB on April 2! https://t.co/EZGaGVuJGY'
2016-03-30 21:55:32,b'RT @autismspeaks: .@Activision is giving away a @SkylandersGame Light It Up BLUE #LIUB set!\nFollow us &amp; retweet this to enter! https://t.co\xe2\x80\xa6'
2016-03-30 21:54:27,b'RT @autismspeaks: .@Activision is giving away a @SkylandersGame Light It Up BLUE #LIUB set!\nFollow us &amp; retweet this to enter! https://t.co\xe2\x80\xa6'
2016-03-30 21:53:44,b'RT @autismspeaks: .@Activision is giving away a @SkylandersGame Light It Up BLUE #LIUB set!\nFollow us &amp; retweet this to enter! https://t.co\xe2\x80\xa6'
2016-03-30 21:49:57,b'RT @autismspeaks: .@Activision is giving away a @SkylandersGame Light It Up BLUE #LIUB set!\nFollow us &amp; retweet this to enter! https://t.co\xe2\x80\xa6'
2016-03-30 21:43:50,b'Enter for a chance to win these super special @SkylandersGame and help raise awareness for #LIUB on April 2! https://t.co/uJQfFQUQ4E'
2016-03-30 21:43:08,b'Enter for a chance to win these super special @SkylandersGame and help raise awareness for #LIUB on April 2! https://t.co/AGdpTJZNyV'
2016-03-30 21:37:27,b'RT @autismspeaks: .@Activision is giving away a @SkylandersGame Light It Up BLUE #LIUB set!\nFollow us &amp; retweet this to enter! https://t.co\xe2\x80\xa6'
2016-03-30 21:37:00,b'RT @autismspeaks: .@Activision is giving away a @SkylandersGame Light It Up BLUE #LIUB set!\nFollow us &amp; retweet this to enter! https://t.co\xe2\x80\xa6'
2016-03-30 21:36:03,b'RT @autismspeaks: .@Activision is giving away a @SkylandersGame Light It Up BLUE #LIUB set!\nFollow us &amp; retweet this to enter! https://t.co\xe2\x80\xa6'
2016-03-30 21:33:44,b'Enter for a chance to win these super special @SkylandersGame and help raise awareness for #LIUB on April 2! https://t.co/i8j0FxMdBV'
2016-03-30 21:33:41,b'Enter for a chance to win these super special @SkylandersGame and help raise awareness for #LIUB on April 2! https://t.co/jhuL5NUAhh'
2016-03-30 21:32:29,b'Enter for a chance to win these super special @SkylandersGame and help raise awareness for #LIUB on April 2! https://t.co/eg1p4BsYB6'
2016-03-30 21:31:46,b'RT @autismspeaks: .@Activision is giving away a @SkylandersGame Light It Up BLUE #LIUB set!\nFollow us &amp; retweet this to enter! https://t.co\xe2\x80\xa6'
2016-03-30 21:28:47,b'Enter for a chance to win these super special @SkylandersGame and help raise awareness for #LIUB on April 2! https://t.co/sT2vID4pMv'
2016-03-30 21:27:58,b'RT @autismspeaks: .@Activision is giving away a @SkylandersGame Light It Up BLUE #LIUB set!\nFollow us &amp; retweet this to enter! https://t.co\xe2\x80\xa6'
2016-03-30 21:27:32,b'RT @autismspeaks: .@Activision is giving away a @SkylandersGame Light It Up BLUE #LIUB set!\nFollow us &amp; retweet this to enter! https://t.co\xe2\x80\xa6'
2016-03-30 21:26:50,b'Enter for a chance to win these super special @SkylandersGame and help raise awareness for #LIUB on April 2! https://t.co/ssSRLudo80'
2016-03-30 21:25:14,b'RT @autismspeaks: .@Activision is giving away a @SkylandersGame Light It Up BLUE #LIUB set!\nFollow us &amp; retweet this to enter! https://t.co\xe2\x80\xa6'
2016-03-30 21:23:09,b'RT @autismspeaks: .@Activision is giving away a @SkylandersGame Light It Up BLUE #LIUB set!\nFollow us &amp; retweet this to enter! https://t.co\xe2\x80\xa6'
2016-03-30 21:22:53,b'RT @autismspeaks: .@Activision is giving away a @SkylandersGame Light It Up BLUE #LIUB set!\nFollow us &amp; retweet this to enter! https://t.co\xe2\x80\xa6'
2016-03-30 21:21:33,b'RT @autismspeaks: .@Activision is giving away a @SkylandersGame Light It Up BLUE #LIUB set!\nFollow us &amp; retweet this to enter! https://t.co\xe2\x80\xa6'
2016-03-30 21:19:12,b'RT @autismspeaks: .@Activision is giving away a @SkylandersGame Light It Up BLUE #LIUB set!\nFollow us &amp; retweet this to enter! https://t.co\xe2\x80\xa6'
2016-03-30 21:14:28,b'RT @autismspeaks: .@Activision is giving away a @SkylandersGame Light It Up BLUE #LIUB set!\nFollow us &amp; retweet this to enter! https://t.co\xe2\x80\xa6'
2016-03-30 21:11:52,b'RT @autismspeaks: .@Activision is giving away a @SkylandersGame Light It Up BLUE #LIUB set!\nFollow us &amp; retweet this to enter! https://t.co\xe2\x80\xa6'
2016-03-30 21:01:46,b'@myToysRedaktion @realTimoGlock @SkylandersGame Where is Deutsche Post logo with 16 number?!)...'
2016-03-30 21:00:54,b'RT @autismspeaks: .@Activision is giving away a @SkylandersGame Light It Up BLUE #LIUB set!\nFollow us &amp; retweet this to enter! https://t.co\xe2\x80\xa6'
2016-03-30 21:00:53,b'RT @autismspeaks: .@Activision is giving away a @SkylandersGame Light It Up BLUE #LIUB set!\nFollow us &amp; retweet this to enter! https://t.co\xe2\x80\xa6'
2016-03-30 20:59:58,b'RT @autismspeaks: .@Activision is giving away a @SkylandersGame Light It Up BLUE #LIUB set!\nFollow us &amp; retweet this to enter! https://t.co\xe2\x80\xa6'
2016-03-30 20:59:50,b'Enter for a chance to win these super special @SkylandersGame and help raise awareness for #LIUB on April 2! https://t.co/PIhS448raK'
2016-03-30 20:57:01,b'RT @autismspeaks: .@Activision is giving away a @SkylandersGame Light It Up BLUE #LIUB set!\nFollow us &amp; retweet this to enter! https://t.co\xe2\x80\xa6'
2016-03-30 20:56:50,b'RT @autismspeaks: .@Activision is giving away a @SkylandersGame Light It Up BLUE #LIUB set!\nFollow us &amp; retweet this to enter! https://t.co\xe2\x80\xa6'
2016-03-30 20:56:14,b'RT @autismspeaks: .@Activision is giving away a @SkylandersGame Light It Up BLUE #LIUB set!\nFollow us &amp; retweet this to enter! https://t.co\xe2\x80\xa6'
2016-03-30 20:56:12,b'RT @autismspeaks: .@Activision is giving away a @SkylandersGame Light It Up BLUE #LIUB set!\nFollow us &amp; retweet this to enter! https://t.co\xe2\x80\xa6'
2016-03-30 20:55:50,b'RT @autismspeaks: .@Activision is giving away a @SkylandersGame Light It Up BLUE #LIUB set!\nFollow us &amp; retweet this to enter! https://t.co\xe2\x80\xa6'
2016-03-30 20:55:17,b'RT @autismspeaks: .@Activision is giving away a @SkylandersGame Light It Up BLUE #LIUB set!\nFollow us &amp; retweet this to enter! https://t.co\xe2\x80\xa6'
2016-03-30 20:55:15,b'RT @autismspeaks: .@Activision is giving away a @SkylandersGame Light It Up BLUE #LIUB set!\nFollow us &amp; retweet this to enter! https://t.co\xe2\x80\xa6'
2016-03-30 20:54:27,b'RT @autismspeaks: .@Activision is giving away a @SkylandersGame Light It Up BLUE #LIUB set!\nFollow us &amp; retweet this to enter! https://t.co\xe2\x80\xa6'
2016-03-30 20:47:38,b'Enter for a chance to win these super special @SkylandersGame and help raise awareness for #LIUB on April 2! https://t.co/7c2KMb1Tng ty'
2016-03-30 20:46:29,b'RT @autismspeaks: .@Activision is giving away a @SkylandersGame Light It Up BLUE #LIUB set!\nFollow us &amp; retweet this to enter! https://t.co\xe2\x80\xa6'
2016-03-30 20:42:08,b'Enter for a chance to win these super special @SkylandersGame and help raise awareness for #LIUB on April 2! https://t.co/Hg0Phm8QGd'
2016-03-30 20:41:03,b'RT @autismspeaks: .@Activision is giving away a @SkylandersGame Light It Up BLUE #LIUB set!\nFollow us &amp; retweet this to enter! https://t.co\xe2\x80\xa6'
2016-03-30 20:39:26,b'RT @autismspeaks: .@Activision is giving away a @SkylandersGame Light It Up BLUE #LIUB set!\nFollow us &amp; retweet this to enter! https://t.co\xe2\x80\xa6'
2016-03-30 20:38:03,b'Enter for a chance to win these super special @SkylandersGame and help raise awareness for #LIUB on April 2! https://t.co/mU2zzqxr3V'
2016-03-30 20:37:48,b'Enter for a chance to win these super special @SkylandersGame and help raise awareness for #LIUB on April 2! https://t.co/51P8dICa6c'
2016-03-30 20:37:34,b'RT @autismspeaks: .@Activision is giving away a @SkylandersGame Light It Up BLUE #LIUB set!\nFollow us &amp; retweet this to enter! https://t.co\xe2\x80\xa6'
2016-03-30 20:37:23,b'Enter for a chance to win these super special @SkylandersGame and help raise awareness for #LIUB on April 2! https://t.co/YiRhhpKGuJ'
2016-03-30 20:37:22,b'.@Activision is giving away a @SkylandersGame Light It Up BLUE #LIUB set!\nFollow us &amp; retweet this to enter! https://t.co/yvDqf9o6JF'
2016-03-30 20:35:59,b'Enter for a chance to win these super special @SkylandersGame and help raise awareness for #LIUB on April 2! https://t.co/MPTlYMZuDb'
2016-03-30 20:34:47,b'Enter for a chance to win these super special @SkylandersGame and help raise awareness for #LIUB on April 2! https://t.co/fy9fZlkiCb'
2016-03-30 20:32:51,b'Enter for a chance to win these super special @SkylandersGame and help raise awareness for #LIUB on April 2! https://t.co/EzMG9MqsqD'
2016-03-30 20:29:48,b'Enter for a chance to win these super special @SkylandersGame and help raise awareness for #LIUB on April 2! https://t.co/jhl8a5FvH7'
2016-03-30 20:29:13,b'Enter for a chance to win these super special @SkylandersGame and help raise awareness for #LIUB on April 2! https://t.co/XYfAxyaKuE'
2016-03-30 20:25:50,b'Enter for a chance to win these super special @SkylandersGame and help raise awareness for #LIUB on April 2! https://t.co/wWu1gOT48P'
2016-03-30 20:23:56,b'Enter for a chance to win these super special @SkylandersGame and help raise awareness for #LIUB on April 2! https://t.co/zZvYeNyZNw'
2016-03-30 20:23:40,b'RT @SkylandersGame: Fin = Win. \xf0\x9f\x90\xb8\xf0\x9f\x90\x9f https://t.co/CW6W6KLLJI'
2016-03-30 20:23:22,b'Enter for a chance to win these super special @SkylandersGame and help raise awareness for #LIUB on April 2! https://t.co/i0sjg31g6Q'
2016-03-30 20:20:25,b'Enter for a chance to win these super special @SkylandersGame and help raise awareness for #LIUB on April 2! https://t.co/7rdTWCyMDi'
2016-03-30 20:19:14,b'Enter for a chance to win these super special @SkylandersGame and help raise awareness for #LIUB on April 2! https://t.co/629iFnBrBl'
2016-03-30 20:11:33,b'Enter for a chance to win these super special @SkylandersGame and help raise awareness for #LIUB on April 2! https://t.co/KP0XmN7aZk'
2016-03-30 19:41:08,b'RT @SkylandersGame: Fin = Win. \xf0\x9f\x90\xb8\xf0\x9f\x90\x9f https://t.co/CW6W6KLLJI'
2016-03-30 19:24:34,b'RT @SkylandersGame: Fin = Win. \xf0\x9f\x90\xb8\xf0\x9f\x90\x9f https://t.co/CW6W6KLLJI'
2016-03-30 18:48:48,b'Got a @SkylandersGame cake for ma boys 10th bday today made by @CakesByLorna (cupcakes are mins tho \xf0\x9f\x98\x89) https://t.co/SEmoYUfce6'
2016-03-30 18:42:41,b'RT @SkylandersGame: Fin = Win. \xf0\x9f\x90\xb8\xf0\x9f\x90\x9f https://t.co/CW6W6KLLJI'
2016-03-30 18:01:26,b'RT @SkylandersGame: Fin = Win. \xf0\x9f\x90\xb8\xf0\x9f\x90\x9f https://t.co/CW6W6KLLJI'
2016-03-30 15:10:20,b'@giselapulido @SkylandersGame Gisela Pulido y Skylanders\xe2\x84\xa2 colaboran con Make-A-Wish\xc2\xae https://t.co/WBB6QOnSqA https://t.co/o0dWSv6FrN'
2016-03-30 12:49:04,b'@SkylandersGame  my brother likes kaos powers'
2016-03-30 09:33:59,"b""RT @SkylandersGame: \xf0\x9f\x92\x80 Let's roll. https://t.co/t4m6Ix5W62"""
2016-03-30 08:29:17,b'@SkylandersGame please release Dark-Bowser &amp; Dark-D.K. in Dual Packs so we can buy them without buying 2 other un-needed Starter Packs.'
2016-03-30 03:55:30,"b""RT @WWERomanReigns: Won't hear a peep from these two lil #Skylanders all day!!!! Thanks @SkylandersGame!!! #MerryChristmasEve https://t.co/\xe2\x80\xa6"""
2016-03-30 01:53:47,"b'RT @SkylandersGame: Yeah, sometimes we take weird photos in Skylands. Caption this! \xf0\x9f\x91\x87 https://t.co/vPM4fBNHzL'"
2016-03-30 00:25:01,b'@sergiomgodinho @SkylandersGame @DisneyInfinity @LEGODimensions @NintendoAmerica You will be missed Sergio!'
2016-03-29 23:58:05,b'Thanks @SkylandersGame @DisneyInfinity @LEGODimensions @NintendoAmerica for trusting me with your brands! It has been an honor!'
2016-03-29 21:03:42,"b'RT @SkylandersGame: Yeah, sometimes we take weird photos in Skylands. Caption this! \xf0\x9f\x91\x87 https://t.co/vPM4fBNHzL'"
2016-03-29 19:53:17,"b'@SkylandersGame ""Jokes on the fans we will never release the yawn traps in the US"" Trigger Happy says greedily #skylanders #scam @Activision'"
2016-03-29 19:40:22,b'@SkylandersGame McDonald\xe2\x80\x99s incluye Skylanders\xe2\x84\xa2 SuperChargers en su Happy Meal\xe2\x84\xa2 https://t.co/TFuAFg2DuD https://t.co/XyI76mylAk'
2016-03-29 19:20:58,"b""RT @Mega_mag_: OK, let's do it! Are your kids @SkylandersGame fans? Then this next #competition is perfect for you..."""
2016-03-29 19:20:45,b'@Mega_mag_ @SkylandersGame \xf0\x9f\x98\xae I know a Skylander-mad little hero who would love this! (And his big kid father! \xf0\x9f\x98\x89) https://t.co/fuHrIvB4sT'
2016-03-29 19:18:55,"b""RT @Mega_mag_: 1/3. If you'd like a chance to #win this SuperCharged, Easter-ific @SkylandersGame bundle, just RT this tweet! https://t.co/\xe2\x80\xa6"""
2016-03-29 19:04:18,"b'@SkylandersGame Trigger Happy Pest Control: \nNo Gold, No Glory, No Bugs? No Problem!'"
2016-03-29 18:48:56,b'@SkylandersGame did somebody call pest control?'
2016-03-29 18:26:58,"b'RT @SkylandersGame: Yeah, sometimes we take weird photos in Skylands. Caption this! \xf0\x9f\x91\x87 https://t.co/vPM4fBNHzL'"
2016-03-29 17:35:54,"b""RT @Mega_mag_: 1/3. If you'd like a chance to #win this SuperCharged, Easter-ific @SkylandersGame bundle, just RT this tweet! https://t.co/\xe2\x80\xa6"""
2016-03-29 15:28:18,"b""RT @Mega_mag_: 1/3. If you'd like a chance to #win this SuperCharged, Easter-ific @SkylandersGame bundle, just RT this tweet! https://t.co/\xe2\x80\xa6"""
2016-03-29 14:26:44,"b""RT @Mega_mag_ 1/3. If you'd like a chance to #win this SuperCharged, Easter-ific @SkylandersGame bundle, just RT this tweet!"""
2016-03-29 14:20:15,"b""RT @Mega_mag_: 1/3. If you'd like a chance to #win this SuperCharged, Easter-ific @SkylandersGame bundle, just RT this tweet! https://t.co/\xe2\x80\xa6"""
2016-03-29 13:07:40,"b""RT @Mega_mag_: 1/3. If you'd like a chance to #win this SuperCharged, Easter-ific @SkylandersGame bundle, just RT this tweet! https://t.co/\xe2\x80\xa6"""
2016-03-29 11:29:08,b'Budget rescuer! Save up to 300 bucks on the @SkylandersGame #Superchargers Starter Pack for all PS &amp; @Xbox formats! https://t.co/4AJD2EgmDW'
2016-03-29 11:17:59,b'Thanks to the Skylanders Easter Bunny for the Easter prezzie! \xf0\x9f\x90\xb0 Yeeeehaaaa! #gift. @SkylandersGame https://t.co/YD7IsC7dDg'
2016-03-29 11:00:42,"b'Nitro Soda Skimmer - a rip-roaring, rapid riding machine running entirely on jet-potion! https://t.co/bjwhui3UBD @SkylandersGame'"
2016-03-29 09:22:25,"b""RT @WWERomanReigns: Won't hear a peep from these two lil #Skylanders all day!!!! Thanks @SkylandersGame!!! #MerryChristmasEve https://t.co/\xe2\x80\xa6"""
2016-03-29 07:35:42,b'@SkylandersGame Yeah he loves drawing.  Thanks for the RT!  :)'
2016-03-29 03:11:58,"b""RT @Mega_mag_: 1/3. If you'd like a chance to #win this SuperCharged, Easter-ific @SkylandersGame bundle, just RT this tweet! https://t.co/\xe2\x80\xa6"""
2016-03-29 02:57:30,b'RT @autismspeaks: Teaming up to make autism awareness @SkylandersGame Superchargers &gt;&gt; https://t.co/caQHolHIAV #LIUB https://t.co/pixBuh8VtP'
2016-03-29 01:20:04,b'Need to bring #Spyro out of the @SkylandersGame That little purple dragon needs his own game again #gaming #reboot'
2016-03-28 23:55:40,b'@autismspeaks @SkylandersGame How about listening to people who are #ActuallyAutistic? That might be a place to start. @autselfadvocacy'
2016-03-28 22:58:50,"b""RT @Mega_mag_: 1/3. If you'd like a chance to #win this SuperCharged, Easter-ific @SkylandersGame bundle, just RT this tweet! https://t.co/\xe2\x80\xa6"""
2016-03-28 20:47:53,"b""RT @SkylandersGame: \xf0\x9f\x92\x80 Let's roll. https://t.co/t4m6Ix5W62"""
2016-03-28 20:43:32,b'@SkylandersGame That is awesome!'
2016-03-28 20:40:04,"b""RT @lorraineelizab6: @SkylandersGame #Skylanders are great to draw! Here's Joel back in 2012 #sketching one! Happy #Easter! #drawing #art h\xe2\x80\xa6"""
2016-03-28 20:39:18,b'RT @dawkosgames: Thanks @SkylandersGame for the Easter gift! #SkylandersEaster https://t.co/ca4Mfih6fo'
2016-03-28 20:38:47,"b""RT @lorraineelizab6: @SkylandersGame #Skylanders are great to draw! Here's Joel back in 2012 #sketching one! Happy #Easter! #drawing #art h\xe2\x80\xa6"""
2016-03-28 20:24:34,"b""RT @SkylandersGame: \xf0\x9f\x92\x80 Let's roll. https://t.co/t4m6Ix5W62"""
2016-03-28 20:22:10,"b""RT @Mega_mag_: 1/3. If you'd like a chance to #win this SuperCharged, Easter-ific @SkylandersGame bundle, just RT this tweet! https://t.co/\xe2\x80\xa6"""
2016-03-28 20:07:01,"b""RT @SkylandersGame: \xf0\x9f\x92\x80 Let's roll. https://t.co/t4m6Ix5W62"""
2016-03-28 19:50:20,"b""RT @SkylandersGame: \xf0\x9f\x92\x80 Let's roll. https://t.co/t4m6Ix5W62"""
2016-03-28 19:47:34,"b""RT @SkylandersGame: \xf0\x9f\x92\x80 Let's roll. https://t.co/t4m6Ix5W62"""
2016-03-28 19:44:47,"b'RT @SkylandersGame: Portal Masters, your greatest battle awaits. Drive evil crazy in #Skylanders SuperChargers! Available now! https://t.co\xe2\x80\xa6'"
2016-03-28 19:44:37,"b""RT @SkylandersGame: \xf0\x9f\x92\x80 Let's roll. https://t.co/t4m6Ix5W62"""
2016-03-28 19:36:35,"b""RT @SkylandersGame: \xf0\x9f\x92\x80 Let's roll. https://t.co/t4m6Ix5W62"""
2016-03-28 19:33:49,"b""RT @SkylandersGame: \xf0\x9f\x92\x80 Let's roll. https://t.co/t4m6Ix5W62"""
2016-03-28 19:30:04,"b""RT @Mega_mag_: 1/3. If you'd like a chance to #win this SuperCharged, Easter-ific @SkylandersGame bundle, just RT this tweet! https://t.co/\xe2\x80\xa6"""
2016-03-28 19:27:15,"b""RT @SkylandersGame: \xf0\x9f\x92\x80 Let's roll. https://t.co/t4m6Ix5W62"""
2016-03-28 19:26:57,"b""RT @SkylandersGame: \xf0\x9f\x92\x80 Let's roll. https://t.co/t4m6Ix5W62"""
2016-03-28 18:27:11,"b""RT @Mega_mag_: 1/3. If you'd like a chance to #win this SuperCharged, Easter-ific @SkylandersGame bundle, just RT this tweet! https://t.co/\xe2\x80\xa6"""
2016-03-28 18:26:26,"b""RT @Mega_mag_: 1/3. If you'd like a chance to #win this SuperCharged, Easter-ific @SkylandersGame bundle, just RT this tweet! https://t.co/\xe2\x80\xa6"""
2016-03-28 18:25:33,"b'@Mega_mag_ @SkylandersGame this is so MEGA for my little superhero, he would love to FLY AWAY with this \xf0\x9f\x98\x80\xf0\x9f\x98\x80\xf0\x9f\x98\x80'"
2016-03-28 18:23:38,"b""RT @Mega_mag_: 1/3. If you'd like a chance to #win this SuperCharged, Easter-ific @SkylandersGame bundle, just RT this tweet! https://t.co/\xe2\x80\xa6"""
2016-03-28 18:11:20,b'@SkylandersGame @BeenoxTeam @ATVIAssist Bo3 ps3 update !!!!!!!'
2016-03-28 18:10:29,b'@SkylandersGame @BeenoxTeam @ATVIAssist getting more games and others like Bo3 without updating and completely unplayable !!! not ashamed?'
2016-03-28 16:31:03,"b""RT @Mega_mag_: 1/3. If you'd like a chance to #win this SuperCharged, Easter-ific @SkylandersGame bundle, just RT this tweet! https://t.co/\xe2\x80\xa6"""
2016-03-28 16:12:56,"b""RT @Mega_mag_: 1/3. If you'd like a chance to #win this SuperCharged, Easter-ific @SkylandersGame bundle, just RT this tweet! https://t.co/\xe2\x80\xa6"""
2016-03-28 16:05:00,"b""@DaveARodriguez @SkylandersGame Any chance of Skylanders even being 3-4 players? We're ready when you are... https://t.co/60uxo5Os2Q"""
2016-03-28 15:31:23,"b""RT @Mega_mag_: 1/3. If you'd like a chance to #win this SuperCharged, Easter-ific @SkylandersGame bundle, just RT this tweet! https://t.co/\xe2\x80\xa6"""
2016-03-28 15:06:05,b'@Mega_mag_ @SkylandersGame awesome giveaway #rt n #fl ty 4 the chance \xf0\x9f\x98\x8a @emmajw11'
2016-03-28 15:05:44,"b""RT @Mega_mag_: 1/3. If you'd like a chance to #win this SuperCharged, Easter-ific @SkylandersGame bundle, just RT this tweet! https://t.co/\xe2\x80\xa6"""
2016-03-28 13:58:21,b'RT @autismspeaks: Have you seen @SkylandersGame blue crew?! Join them and Light It Up Blue #LIUB on April 2 https://t.co/g8jCw6UftS https:/\xe2\x80\xa6'
2016-03-28 13:50:55,"b""RT @Mega_mag_: 1/3. If you'd like a chance to #win this SuperCharged, Easter-ific @SkylandersGame bundle, just RT this tweet! https://t.co/\xe2\x80\xa6"""
2016-03-28 13:02:39,"b""RT @WWERomanReigns: Won't hear a peep from these two lil #Skylanders all day!!!! Thanks @SkylandersGame!!! #MerryChristmasEve https://t.co/\xe2\x80\xa6"""
2016-03-28 12:57:31,"b""RT @Mega_mag_: 1/3. If you'd like a chance to #win this SuperCharged, Easter-ific @SkylandersGame bundle, just RT this tweet! https://t.co/\xe2\x80\xa6"""
2016-03-28 12:31:06,b'Tomb Buggy is perfect for anyone that has a bone to pick with evil! https://t.co/BAofgJ5VYJ @SkylandersGame #skylanders'
2016-03-28 11:46:00,"b""@SkylandersGame I bought the mega kit fm xbox store (s/chargers) but can't seem 2 find upgrades? Where R they? I thgt they'd just appear?\xf0\x9f\x98\x87\xf0\x9f\x98\x89"""
2016-03-28 11:06:35,b'RT @autismspeaks: Have you seen @SkylandersGame blue crew?! Join them and Light It Up Blue #LIUB on April 2 https://t.co/g8jCw6UftS https:/\xe2\x80\xa6'
2016-03-28 10:51:21,"b""@SkylandersGame Here's a #sketch Joel drew back in 2012 after he got #Skylanders for #Easter!#drawing #drawings #art https://t.co/P6n6EzOKNP"""
2016-03-28 10:48:58,"b""@SkylandersGame #Skylanders are great to draw! Here's Joel back in 2012 #sketching one! Happy #Easter! #drawing #art https://t.co/7mbVgXPw7S"""
2016-03-28 10:46:28,"b'@SkylandersGame My Joel got his 1st #Skylanders back in #Easter 2012, from his dad!  :)  Happy Easter.  :) https://t.co/dtJ00viYLt'"
2016-03-28 09:19:54,b'@ATVIAssist  @SkylandersGame  thanks for replacing my Legendary B.B Roller Brawl sadly I was sent the wrong one and now I am being ignored'
2016-03-28 08:55:38,b'RT @autismspeaks: Have you seen @SkylandersGame blue crew?! Join them and Light It Up Blue #LIUB on April 2 https://t.co/g8jCw6UftS https:/\xe2\x80\xa6'
2016-03-28 08:45:05,"b""RT @Mega_mag_: 1/3. If you'd like a chance to #win this SuperCharged, Easter-ific @SkylandersGame bundle, just RT this tweet! https://t.co/\xe2\x80\xa6"""
2016-03-28 04:41:07,b'@dawkosgames @SkylandersGame @YouTube right?! That was truly so kind \xf0\x9f\x98\xba'
2016-03-28 04:40:42,b'RT @dawkosgames: Thanks @SkylandersGame for the Easter gift! #SkylandersEaster https://t.co/ca4Mfih6fo'
2016-03-28 04:29:56,"b""RT @Mega_mag_: 1/3. If you'd like a chance to #win this SuperCharged, Easter-ific @SkylandersGame bundle, just RT this tweet! https://t.co/\xe2\x80\xa6"""
2016-03-28 04:29:56,"b""RT @Mega_mag_: 1/3. If you'd like a chance to #win this SuperCharged, Easter-ific @SkylandersGame bundle, just RT this tweet! https://t.co/\xe2\x80\xa6"""
2016-03-28 04:29:51,"b""RT @Mega_mag_: 1/3. If you'd like a chance to #win this SuperCharged, Easter-ific @SkylandersGame bundle, just RT this tweet! https://t.co/\xe2\x80\xa6"""
2016-03-28 04:29:50,"b""RT @Mega_mag_: 1/3. If you'd like a chance to #win this SuperCharged, Easter-ific @SkylandersGame bundle, just RT this tweet! https://t.co/\xe2\x80\xa6"""
2016-03-28 04:29:50,"b""RT @Mega_mag_: 1/3. If you'd like a chance to #win this SuperCharged, Easter-ific @SkylandersGame bundle, just RT this tweet! https://t.co/\xe2\x80\xa6"""
2016-03-28 04:29:49,"b""RT @Mega_mag_: 1/3. If you'd like a chance to #win this SuperCharged, Easter-ific @SkylandersGame bundle, just RT this tweet! https://t.co/\xe2\x80\xa6"""
2016-03-28 04:29:49,"b""RT @Mega_mag_: 1/3. If you'd like a chance to #win this SuperCharged, Easter-ific @SkylandersGame bundle, just RT this tweet! https://t.co/\xe2\x80\xa6"""
2016-03-28 04:29:48,"b""RT @Mega_mag_: 1/3. If you'd like a chance to #win this SuperCharged, Easter-ific @SkylandersGame bundle, just RT this tweet! https://t.co/\xe2\x80\xa6"""
2016-03-28 04:29:48,"b""RT @Mega_mag_: 1/3. If you'd like a chance to #win this SuperCharged, Easter-ific @SkylandersGame bundle, just RT this tweet! https://t.co/\xe2\x80\xa6"""
2016-03-28 04:29:47,"b""RT @Mega_mag_: 1/3. If you'd like a chance to #win this SuperCharged, Easter-ific @SkylandersGame bundle, just RT this tweet! https://t.co/\xe2\x80\xa6"""
2016-03-28 04:29:45,"b""RT @Mega_mag_: 1/3. If you'd like a chance to #win this SuperCharged, Easter-ific @SkylandersGame bundle, just RT this tweet! https://t.co/\xe2\x80\xa6"""
2016-03-28 04:29:45,"b""RT @Mega_mag_: 1/3. If you'd like a chance to #win this SuperCharged, Easter-ific @SkylandersGame bundle, just RT this tweet! https://t.co/\xe2\x80\xa6"""
2016-03-28 04:29:42,"b""RT @Mega_mag_: 1/3. If you'd like a chance to #win this SuperCharged, Easter-ific @SkylandersGame bundle, just RT this tweet! https://t.co/\xe2\x80\xa6"""
2016-03-28 04:29:42,"b""RT @Mega_mag_: 1/3. If you'd like a chance to #win this SuperCharged, Easter-ific @SkylandersGame bundle, just RT this tweet! https://t.co/\xe2\x80\xa6"""
2016-03-28 04:29:41,"b""RT @Mega_mag_: 1/3. If you'd like a chance to #win this SuperCharged, Easter-ific @SkylandersGame bundle, just RT this tweet! https://t.co/\xe2\x80\xa6"""
2016-03-28 04:27:17,"b""RT @Mega_mag_: 1/3. If you'd like a chance to #win this SuperCharged, Easter-ific @SkylandersGame bundle, just RT this tweet! https://t.co/\xe2\x80\xa6"""
2016-03-28 04:27:16,"b""RT @Mega_mag_: 1/3. If you'd like a chance to #win this SuperCharged, Easter-ific @SkylandersGame bundle, just RT this tweet!"""
2016-03-28 02:37:40,b'RT @autismspeaks: Have you seen @SkylandersGame blue crew?! Join them and Light It Up Blue #LIUB on April 2 https://t.co/g8jCw6UftS https:/\xe2\x80\xa6'
2016-03-28 02:17:42,"b""@SkylandersGame thank you for putting villain's music on your website my daughter has been dancing for hours thank you"""
2016-03-28 01:54:59,"b""Watch ZEUS' MINIONS Unboxing RARE @SkylandersGame SC Power Blue Trigger Happy&amp;Gold Rusher! We Support @autismspeaks  https://t.co/ctISfVZSpn"""
2016-03-28 01:09:13,"b""RT @Mega_mag_: 1/3. If you'd like a chance to #win this SuperCharged, Easter-ific @SkylandersGame bundle, just RT this tweet! https://t.co/\xe2\x80\xa6"""
2016-03-28 00:27:27,b'RT @autismspeaks: Have you seen @SkylandersGame blue crew?! Join them and Light It Up Blue #LIUB on April 2 https://t.co/g8jCw6UftS https:/\xe2\x80\xa6'
2016-03-28 00:15:40,b'RT @autismspeaks: Have you seen @SkylandersGame blue crew?! Join them and Light It Up Blue #LIUB on April 2 https://t.co/g8jCw6UftS https:/\xe2\x80\xa6'
2016-03-28 00:15:13,b'RT @autismspeaks: Have you seen @SkylandersGame blue crew?! Join them and Light It Up Blue #LIUB on April 2 https://t.co/g8jCw6UftS https:/\xe2\x80\xa6'
2016-03-27 23:59:37,b'RT @autismspeaks: Have you seen @SkylandersGame blue crew?! Join them and Light It Up Blue #LIUB on April 2 https://t.co/g8jCw6UftS https:/\xe2\x80\xa6'
2016-03-27 23:41:46,b'RT @autismspeaks: Have you seen @SkylandersGame blue crew?! Join them and Light It Up Blue #LIUB on April 2 https://t.co/g8jCw6UftS https:/\xe2\x80\xa6'
2016-03-27 23:10:49,"b""RT @raymamrak: It's a @DisneyZootopia @SkylandersGame and Nerdy Nummies (my fav) kinda Easter. @RosannaPansino https://t.co/WGoyMOsWff"""
2016-03-27 22:54:38,"b""RT @Mega_mag_: 1/3. If you'd like a chance to #win this SuperCharged, Easter-ific @SkylandersGame bundle, just RT this tweet! https://t.co/\xe2\x80\xa6"""
2016-03-27 22:54:11,"b""RT @Mega_mag_ 1/3. If you'd like a chance to #win this SuperCharged, Easter-ific @SkylandersGame bundle, just RT this tweet!"""
2016-03-27 22:52:54,b'@SkylandersGame any updates about light yawn traps yet.Cannot ask support since you blocked me.'
2016-03-27 22:39:00,"b""RT @Mega_mag_: 1/3. If you'd like a chance to #win this SuperCharged, Easter-ific @SkylandersGame bundle, just RT this tweet! https://t.co/\xe2\x80\xa6"""
2016-03-27 22:38:20,b'@ponygirl1984 @PaulGittins2 @SkylandersGame pretty sure there was some type of dancing going on when I got Splat for Christmas \xf0\x9f\x92\x83\xf0\x9f\x98\x8a'
2016-03-27 22:35:18,"b'RT @JAZZ_SHOESDANCE: @Mega_mag_  like a chance to #win this SuperCharged, Easter-ific @SkylandersGame bundle, just RT this tweet! https://t\xe2\x80\xa6'"
2016-03-27 22:10:07,"b""RT @Mega_mag_: 1/3. If you'd like a chance to #win this SuperCharged, Easter-ific @SkylandersGame bundle, just RT this tweet! https://t.co/\xe2\x80\xa6"""
2016-03-27 22:06:02,"b'@Mega_mag_  like a chance to #win this SuperCharged, Easter-ific @SkylandersGame bundle, just RT this tweet! https://t.co/zQQN9ztdW2'"
2016-03-27 21:59:08,"b'@autismspeaks @SkylandersGame How can we, year after year, raise awareness for a condition we do not understand?  #AutismIsMedical'"
2016-03-27 21:55:22,b'RT @Billydjdog: Happy Easter @ToysForGames @sclmatt @SkylandersGame https://t.co/VdiwGiJc66'
2016-03-27 21:54:55,b'RT @CoinOpTV: Thanks @SkylandersGame for the huge #Easter Basket! https://t.co/P0Zm1K90q2 https://t.co/vo1c5xjlVn'
2016-03-27 21:54:39,b'RT @autismspeaks: Have you seen @SkylandersGame blue crew?! Join them and Light It Up Blue #LIUB on April 2 https://t.co/g8jCw6UftS https:/\xe2\x80\xa6'
2016-03-27 21:27:58,b'RT @autismspeaks: Have you seen @SkylandersGame blue crew?! Join them and Light It Up Blue #LIUB on April 2 https://t.co/g8jCw6UftS https:/\xe2\x80\xa6'
2016-03-27 21:15:58,b'@CoinOpTV @SkylandersGame no candys\nWhat kind of easter basket is that?'
2016-03-27 21:09:24,b'RT @autismspeaks: Have you seen @SkylandersGame blue crew?! Join them and Light It Up Blue #LIUB on April 2 https://t.co/g8jCw6UftS https:/\xe2\x80\xa6'
2016-03-27 20:46:38,b'RT @SkylandersGame: Kick #Easter into overdrive! We hope you have an egg-cellent one! https://t.co/9MPLtGCzFx'
2016-03-27 20:41:22,b'Thanks @SkylandersGame for the Easter gift! #SkylandersEaster https://t.co/ca4Mfih6fo'
2016-03-27 20:40:08,"b""RT @Mega_mag_: 1/3. If you'd like a chance to #win this SuperCharged, Easter-ific @SkylandersGame bundle, just RT this tweet! https://t.co/\xe2\x80\xa6"""
2016-03-27 20:35:36,b'RT @SkylandersGame: Kick #Easter into overdrive! We hope you have an egg-cellent one! https://t.co/9MPLtGCzFx'
2016-03-27 20:27:03,b'RT @SkylandersGame: Kick #Easter into overdrive! We hope you have an egg-cellent one! https://t.co/9MPLtGCzFx'
2016-03-27 20:23:54,b'RT @SkylandersGame: Kick #Easter into overdrive! We hope you have an egg-cellent one! https://t.co/9MPLtGCzFx'
2016-03-27 20:20:26,b'RT @SkylandersGame: Kick #Easter into overdrive! We hope you have an egg-cellent one! https://t.co/9MPLtGCzFx'
2016-03-27 20:15:59,b'RT @autismspeaks: Have you seen @SkylandersGame blue crew?! Join them and Light It Up Blue #LIUB on April 2 https://t.co/g8jCw6UftS https:/\xe2\x80\xa6'
2016-03-27 20:15:46,b'@PaulGittins2 @chrisrookey @SkylandersGame I jump up and down in excitement too'
2016-03-27 20:14:42,b'@chrisrookey @SkylandersGame my wife @ponygirl1984 makes the same face lol'
2016-03-27 19:59:52,b'RT @autismspeaks: Have you seen @SkylandersGame blue crew?! Join them and Light It Up Blue #LIUB on April 2 https://t.co/g8jCw6UftS https:/\xe2\x80\xa6'
2016-03-27 19:58:08,"b""RT @chrisrookey: @SkylandersGame That face you make when you FINALLY get the Skylander you've been wanting for months...#skylanders https:/\xe2\x80\xa6"""
2016-03-27 19:53:52,b'RT @SkylandersGame: Kick #Easter into overdrive! We hope you have an egg-cellent one! https://t.co/9MPLtGCzFx'
2016-03-27 19:48:09,b'RT @autismspeaks: Have you seen @SkylandersGame blue crew?! Join them and Light It Up Blue #LIUB on April 2 https://t.co/g8jCw6UftS https:/\xe2\x80\xa6'
2016-03-27 19:45:51,b'RT @autismspeaks: Have you seen @SkylandersGame blue crew?! Join them and Light It Up Blue #LIUB on April 2 https://t.co/g8jCw6UftS https:/\xe2\x80\xa6'
2016-03-27 19:40:32,b'RT @SkylandersGame: Kick #Easter into overdrive! We hope you have an egg-cellent one! https://t.co/9MPLtGCzFx'
2016-03-27 19:39:31,b'@SkylandersGame @BeenoxTeam When they are announcing the departure of the update'
2016-03-27 19:38:00,b'RT @SkylandersGame: Kick #Easter into overdrive! We hope you have an egg-cellent one! https://t.co/9MPLtGCzFx'
2016-03-27 19:35:21,b'RT @SkylandersGame: Kick #Easter into overdrive! We hope you have an egg-cellent one! https://t.co/9MPLtGCzFx'
2016-03-27 19:31:25,b'RT @autismspeaks: Have you seen @SkylandersGame blue crew?! Join them and Light It Up Blue #LIUB on April 2 https://t.co/g8jCw6UftS https:/\xe2\x80\xa6'
2016-03-27 19:29:33,b'RT @autismspeaks: Have you seen @SkylandersGame blue crew?! Join them and Light It Up Blue #LIUB on April 2 https://t.co/g8jCw6UftS https:/\xe2\x80\xa6'
2016-03-27 19:27:50,b'RT @autismspeaks: Have you seen @SkylandersGame blue crew?! Join them and Light It Up Blue #LIUB on April 2 https://t.co/g8jCw6UftS https:/\xe2\x80\xa6'
2016-03-27 19:26:23,b'RT @CoinOpTV: Thanks @SkylandersGame for the huge #Easter Basket! https://t.co/P0Zm1K90q2 https://t.co/vo1c5xjlVn'
2016-03-27 19:26:07,b'RT @etspeaksfrom: Time for @SkylandersGame #SkylandersEaster challenge https://t.co/uYJzAhYTh5'
2016-03-27 19:25:48,"b""RT @chrisrookey: @SkylandersGame That face you make when you FINALLY get the Skylander you've been wanting for months...#skylanders https:/\xe2\x80\xa6"""
2016-03-27 19:25:18,b'RT @Billydjdog: Happy Easter @ToysForGames @sclmatt @SkylandersGame https://t.co/VdiwGiJc66'
2016-03-27 19:21:53,b'RT @autismspeaks: Have you seen @SkylandersGame blue crew?! Join them and Light It Up Blue #LIUB on April 2 https://t.co/g8jCw6UftS https:/\xe2\x80\xa6'
2016-03-27 19:15:05,b'Happy Easter @ToysForGames @sclmatt @SkylandersGame https://t.co/VdiwGiJc66'
2016-03-27 19:13:31,b'RT @autismspeaks: Have you seen @SkylandersGame blue crew?! Join them and Light It Up Blue #LIUB on April 2 https://t.co/g8jCw6UftS https:/\xe2\x80\xa6'
2016-03-27 19:12:54,b'RT @autismspeaks: Have you seen @SkylandersGame blue crew?! Join them and Light It Up Blue #LIUB on April 2 https://t.co/g8jCw6UftS https:/\xe2\x80\xa6'
2016-03-27 19:09:48,b'RT @autismspeaks: Have you seen @SkylandersGame blue crew?! Join them and Light It Up Blue #LIUB on April 2 https://t.co/g8jCw6UftS https:/\xe2\x80\xa6'
2016-03-27 19:08:54,b'RT @autismspeaks: Have you seen @SkylandersGame blue crew?! Join them and Light It Up Blue #LIUB on April 2 https://t.co/g8jCw6UftS https:/\xe2\x80\xa6'
2016-03-27 19:08:37,b'RT @autismspeaks: Have you seen @SkylandersGame blue crew?! Join them and Light It Up Blue #LIUB on April 2 https://t.co/g8jCw6UftS https:/\xe2\x80\xa6'
2016-03-27 19:07:29,b'RT @autismspeaks: Have you seen @SkylandersGame blue crew?! Join them and Light It Up Blue #LIUB on April 2 https://t.co/g8jCw6UftS https:/\xe2\x80\xa6'
2016-03-27 19:07:02,b'Have you seen @SkylandersGame blue crew?! Join them and Light It Up Blue #LIUB on April 2 https://t.co/g8jCw6UftS https://t.co/CPQYD2ebqN'
2016-03-27 18:53:12,b'Happy Easter! @SkylandersGame #Skylanders #Easter #HappyEaster https://t.co/284ZuneleC'
2016-03-27 18:34:13,"b'We had the best day at @MultiplayEvents today, thanks in particular to @Hypixel, @PocketGalaxyApp, @SkylandersGame and all at #Insomnia57'"
2016-03-27 18:19:16,"b'@SkylandersGame  5 Yr old absolutely gutted with Superchargers on Wii. Not full game, not made clear at all. Really poor v other platforms'"
2016-03-27 17:28:59,"b""@SkylandersGame That face you make when you FINALLY get the Skylander you've been wanting for months...#skylanders https://t.co/t7JUHX19ql"""
2016-03-27 17:20:28,b'RT @maxchilton: Bid on my @SkylandersGame HotStreak car to support Make A Wish. https://t.co/8Q8x5S8GB9 all proceeds to charity #Supercharg\xe2\x80\xa6'
2016-03-27 17:20:04,b'RT @SkylandersGame: Do you even \xf0\x9f\x8d\x8c? https://t.co/CK8C61hiPM'
2016-03-27 17:19:31,b'RT @digitalspygames: A special Happy Easter gift from @SkylandersGame with Spring Edition characters. Loving the Spring Ahead Dive Bomb htt\xe2\x80\xa6'
2016-03-27 17:19:14,b'RT @SkylandersGame: For all those who have found Eggcited Thrillipede: well done. \xf0\x9f\x8d\xb3\xf0\x9f\x8d\xb3\xf0\x9f\x8d\xb3 https://t.co/ANXDUOZXNx'
2016-03-27 17:19:10,b'RT @FamilyGamerTV: Ready for some holiday fun now. #SkylandersEaster just sent this @SkylandersGame package. Just add chocolate. https://t.\xe2\x80\xa6'
2016-03-27 17:18:46,b'@Kidzcoolit @SkylandersGame Is the box a carrying case?'
2016-03-27 17:17:31,b'RT @SkylandersGame: We\xe2\x80\x99re egg-cited for this hunt! How many hidden #Easter \xf0\x9f\x8d\xb3 can you find? https://t.co/6dndJANpCG'
2016-03-27 17:16:51,b'@SkylandersGame I found seven so far'
2016-03-27 16:07:42,"b""RT @WWERomanReigns: Won't hear a peep from these two lil #Skylanders all day!!!! Thanks @SkylandersGame!!! #MerryChristmasEve https://t.co/\xe2\x80\xa6"""
2016-03-27 13:58:50,"b""@SkylandersGame my son didn't want to take his elite out of the box but he found a way to play. https://t.co/02uM8ibXZ0"""
2016-03-27 13:56:05,b'Time for @SkylandersGame #SkylandersEaster challenge https://t.co/uYJzAhYTh5'
2016-03-27 13:11:51,"b""It's a @DisneyZootopia @SkylandersGame and Nerdy Nummies (my fav) kinda Easter. @RosannaPansino https://t.co/WGoyMOsWff"""
2016-03-27 12:58:18,b'Loving this @SkylandersGame #skylandersEaster Character Eggcited Thrillipede and Spring Ahead Dive Bomber Vehicle https://t.co/2xznB8j2wI'
2016-03-27 12:32:12,"b""RT @Mega_mag_: 1/3. If you'd like a chance to #win this SuperCharged, Easter-ific @SkylandersGame bundle, just RT this tweet! https://t.co/\xe2\x80\xa6"""
2016-03-27 07:37:08,b'A special Happy Easter gift from @SkylandersGame with Spring Edition characters. Loving the Spring Ahead Dive Bomb https://t.co/4XzR4OuiWC'
2016-03-27 05:37:28,b'RT @SkylandersGame: We\xe2\x80\x99re egg-cited for this hunt! How many hidden #Easter \xf0\x9f\x8d\xb3 can you find? https://t.co/6dndJANpCG'
2016-03-27 05:10:35,b'@liamallagonez @SkylandersGame Thanks!'
2016-03-27 02:04:49,b'RT @SkylandersGame: For all those who have found Eggcited Thrillipede: well done. \xf0\x9f\x8d\xb3\xf0\x9f\x8d\xb3\xf0\x9f\x8d\xb3 https://t.co/ANXDUOZXNx'
2016-03-27 01:47:10,b'@SkylandersGame \xf0\x9f\x99\x8c\xf0\x9f\x99\x8c\xf0\x9f\x99\x8c\xf0\x9f\x99\x8c\xf0\x9f\x99\x8c\xf0\x9f\x99\x8c\xf0\x9f\x99\x8c and more \xf0\x9f\x99\x8c\xf0\x9f\x99\x8c\xf0\x9f\x99\x8c\xf0\x9f\x99\x8c'
2016-03-27 01:16:59,b'RT @SkylandersGame: We\xe2\x80\x99re egg-cited for this hunt! How many hidden #Easter \xf0\x9f\x8d\xb3 can you find? https://t.co/6dndJANpCG'
2016-03-27 00:45:57,b'RT @SkylandersGame: We\xe2\x80\x99re egg-cited for this hunt! How many hidden #Easter \xf0\x9f\x8d\xb3 can you find? https://t.co/6dndJANpCG'
2016-03-26 23:00:09,b'@SkylandersGame yo there should be spyro or skylanders spyro adventure  movie!'
2016-03-26 22:40:58,b'RT @SkylandersGame: We\xe2\x80\x99re egg-cited for this hunt! How many hidden #Easter \xf0\x9f\x8d\xb3 can you find? https://t.co/6dndJANpCG'
2016-03-26 22:33:52,b'@SkylandersGame I got mine! Love them!'
2016-03-26 22:25:39,b'RT @SkylandersGame: We\xe2\x80\x99re egg-cited for this hunt! How many hidden #Easter \xf0\x9f\x8d\xb3 can you find? https://t.co/6dndJANpCG'
2016-03-26 22:22:44,b'RT @SkylandersGame: We\xe2\x80\x99re egg-cited for this hunt! How many hidden #Easter \xf0\x9f\x8d\xb3 can you find? https://t.co/6dndJANpCG'
2016-03-26 21:42:01,b'RT @SkylandersGame: We\xe2\x80\x99re egg-cited for this hunt! How many hidden #Easter \xf0\x9f\x8d\xb3 can you find? https://t.co/6dndJANpCG'
2016-03-26 21:40:49,b'RT @SkylandersGame: We\xe2\x80\x99re egg-cited for this hunt! How many hidden #Easter \xf0\x9f\x8d\xb3 can you find? https://t.co/6dndJANpCG'
2016-03-26 21:38:51,b'RT @SkylandersGame: We\xe2\x80\x99re egg-cited for this hunt! How many hidden #Easter \xf0\x9f\x8d\xb3 can you find? https://t.co/6dndJANpCG'
2016-03-26 20:00:28,"b""RT @Mega_mag_: 1/3. If you'd like a chance to #win this SuperCharged, Easter-ific @SkylandersGame bundle, just RT this tweet! https://t.co/\xe2\x80\xa6"""
2016-03-26 18:29:29,b'RT @CoinOpTV: Thanks @SkylandersGame for the huge #Easter Basket! https://t.co/P0Zm1K90q2 https://t.co/vo1c5xjlVn'
2016-03-26 18:22:51,"b""RT @Mega_mag_: 1/3. If you'd like a chance to #win this SuperCharged, Easter-ific @SkylandersGame bundle, just RT this tweet! https://t.co/\xe2\x80\xa6"""
2016-03-26 18:18:11,b'@SkylandersGame @DisneyInfinity z these two games are amazing I hope you guys never stop making games :-)'
2016-03-26 18:17:56,b'Thanks @SkylandersGame for the huge #Easter Basket! https://t.co/P0Zm1K90q2 https://t.co/vo1c5xjlVn'
2016-03-26 17:59:15,"b""RT @Mega_mag_: 1/3. If you'd like a chance to #win this SuperCharged, Easter-ific @SkylandersGame bundle, just RT this tweet! https://t.co/\xe2\x80\xa6"""
2016-03-26 17:13:09,b'RT @autismspeaks: Teaming up to make autism awareness @SkylandersGame Superchargers &gt;&gt; https://t.co/caQHolHIAV #LIUB https://t.co/pixBuh8VtP'
2016-03-26 14:22:37,"b""RT @Mega_mag_: 1/3. If you'd like a chance to #win this SuperCharged, Easter-ific @SkylandersGame bundle, just RT this tweet! https://t.co/\xe2\x80\xa6"""
2016-03-26 14:02:50,"b""RT @WWERomanReigns: Won't hear a peep from these two lil #Skylanders all day!!!! Thanks @SkylandersGame!!! #MerryChristmasEve https://t.co/\xe2\x80\xa6"""
2016-03-26 12:48:38,"b""RT @Mega_mag_: 1/3. If you'd like a chance to #win this SuperCharged, Easter-ific @SkylandersGame bundle, just RT this tweet! https://t.co/\xe2\x80\xa6"""
2016-03-26 12:47:00,"b""RT @Mega_mag_: 1/3. If you'd like a chance to #win this SuperCharged, Easter-ific @SkylandersGame bundle, just RT this tweet! https://t.co/\xe2\x80\xa6"""
2016-03-26 11:37:51,b'@Mega_mag_ @SkylandersGame My little grandson would be so excited if I were to #win these amazing figures for him. Happy Easter to you all x'
2016-03-26 11:36:35,"b""RT @Mega_mag_: 1/3. If you'd like a chance to #win this SuperCharged, Easter-ific @SkylandersGame bundle, just RT this tweet! https://t.co/\xe2\x80\xa6"""
2016-03-26 09:51:43,"b""RT @BowserNintendo: Wait a second @SkylandersGame, that isn't Dark Bowser from #BowsersInsideStory... Right? I defeated him! https://t.co/6\xe2\x80\xa6"""
2016-03-26 09:31:23,"b""RT @WWERomanReigns: Won't hear a peep from these two lil #Skylanders all day!!!! Thanks @SkylandersGame!!! #MerryChristmasEve https://t.co/\xe2\x80\xa6"""
2016-03-26 07:19:09,"b'RT @DesiSanchez: ""Why Skylanders Do Not Speak for Autism"" https://t.co/buJelbI7kT by @TheMarySue -Agreed! @SkylandersGame take notice https\xe2\x80\xa6'"
2016-03-26 03:13:24,"b""RT @Mega_mag_: 1/3. If you'd like a chance to #win this SuperCharged, Easter-ific @SkylandersGame bundle, just RT this tweet! https://t.co/\xe2\x80\xa6"""
2016-03-26 02:31:02,"b'RT @DesiSanchez: ""Why Skylanders Do Not Speak for Autism"" https://t.co/buJelbI7kT by @TheMarySue -Agreed! @SkylandersGame take notice https\xe2\x80\xa6'"
2016-03-26 02:27:13,b'RT @autismspeaks: Teaming up to make autism awareness @SkylandersGame Superchargers &gt;&gt; https://t.co/caQHolHIAV #LIUB https://t.co/pixBuh8VtP'
2016-03-26 02:14:12,"b""RT @Mega_mag_: 1/3. If you'd like a chance to #win this SuperCharged, Easter-ific @SkylandersGame bundle, just RT this tweet! https://t.co/\xe2\x80\xa6"""
2016-03-26 01:56:20,"b""RT @Mega_mag_: 1/3. If you'd like a chance to #win this SuperCharged, Easter-ific @SkylandersGame bundle, just RT this tweet! https://t.co/\xe2\x80\xa6"""
2016-03-26 01:49:22,"b""RT @Mega_mag_: 1/3. If you'd like a chance to #win this SuperCharged, Easter-ific @SkylandersGame bundle, just RT this tweet! https://t.co/\xe2\x80\xa6"""
2016-03-26 01:13:17,"b'RT @DesiSanchez: ""Why Skylanders Do Not Speak for Autism"" https://t.co/buJelbI7kT by @TheMarySue -Agreed! @SkylandersGame take notice https\xe2\x80\xa6'"
2016-03-26 00:14:55,"b""RT @Mega_mag_: 1/3. If you'd like a chance to #win this SuperCharged, Easter-ific @SkylandersGame bundle, just RT this tweet! https://t.co/\xe2\x80\xa6"""
2016-03-26 00:03:49,"b""RT @Mega_mag_: 1/3. If you'd like a chance to #win this SuperCharged, Easter-ific @SkylandersGame bundle, just RT this tweet! https://t.co/\xe2\x80\xa6"""
2016-03-25 23:42:12,"b'RT @DesiSanchez: ""Why Skylanders Do Not Speak for Autism"" https://t.co/buJelbI7kT by @TheMarySue -Agreed! @SkylandersGame take notice https\xe2\x80\xa6'"
2016-03-25 23:13:15,"b'RT @DesiSanchez: ""Why Skylanders Do Not Speak for Autism"" https://t.co/buJelbI7kT by @TheMarySue -Agreed! @SkylandersGame take notice https\xe2\x80\xa6'"
2016-03-25 23:09:12,"b'RT @DesiSanchez: ""Why Skylanders Do Not Speak for Autism"" https://t.co/buJelbI7kT by @TheMarySue -Agreed! @SkylandersGame take notice https\xe2\x80\xa6'"
2016-03-25 23:08:54,"b""RT @Mega_mag_: 1/3. If you'd like a chance to #win this SuperCharged, Easter-ific @SkylandersGame bundle, just RT this tweet! https://t.co/\xe2\x80\xa6"""
2016-03-25 23:08:16,b'@Mega_mag_ @SkylandersGame  how fab'
2016-03-25 22:58:44,"b""RT @GMOmagazine: NEWS: @SkylandersGame 'Battlecast' from @Activision showcased at #Insomnia57 - https://t.co/BlY2iCSN23 #freetoplay https:/\xe2\x80\xa6"""
2016-03-25 22:57:46,"b'RT @DesiSanchez: ""Why Skylanders Do Not Speak for Autism"" https://t.co/buJelbI7kT by @TheMarySue -Agreed! @SkylandersGame take notice https\xe2\x80\xa6'"
2016-03-25 22:16:49,b'RT @autismspeaks: Teaming up to make autism awareness @SkylandersGame Superchargers &gt;&gt; https://t.co/caQHolHIAV #LIUB https://t.co/pixBuh8VtP'
2016-03-25 22:04:22,"b""RT @Mega_mag_: 1/3. If you'd like a chance to #win this SuperCharged, Easter-ific @SkylandersGame bundle, just RT this tweet! https://t.co/\xe2\x80\xa6"""
2016-03-25 21:45:39,"b""@SkylandersGame my brothers girlfriend gave this to me it's soo cool https://t.co/2gZpVCIo1p"""
2016-03-25 21:34:19,b'RT @autismspeaks: Teaming up to make autism awareness @SkylandersGame Superchargers &gt;&gt; https://t.co/caQHolHIAV #LIUB https://t.co/pixBuh8VtP'
2016-03-25 21:26:04,"b""RT @Mega_mag_: 1/3. If you'd like a chance to #win this SuperCharged, Easter-ific @SkylandersGame bundle, just RT this tweet! https://t.co/\xe2\x80\xa6"""
2016-03-25 20:25:20,b'RT @autismspeaks: Teaming up to make autism awareness @SkylandersGame Superchargers &gt;&gt; https://t.co/caQHolHIAV #LIUB https://t.co/pixBuh8VtP'
